ID,Title,Company,Location,Date Posted
engineer,Quality Engineer,Phillips-Medisize,Sokoto,PostedPosted 20 days ago
engineer,Electrical and Electronics Engineer,Hephzibah Integrated Technologies Ltd,Abuja,PostedPosted 25 days ago
engineer,Electrical Engineer,Romax properties Limited,Lagos,PostedPosted 11 days ago
engineer,"Associate Engineer, Test Manufacturing",Celestica,Lagos,PostedPosted 14 days ago
engineer,PHP Software Engineer - Jumia (Full Time),Jumia,Nigeria,PostedPosted 30+ days ago
engineer,Software Backend Engineer,ING,Lagos,PostedPosted 30+ days ago
engineer,"MECHANICAL SUPERVISOR, CONTROL ENGINEER",Shiyali Hr Services,Nigeria,PostedPosted 30+ days ago
engineer,Site Engineer,Africonsult Architects Engineers Limited,Abuja,PostedPosted 20 days ago
engineer,Cost Engineer,Amaiden Energy Nigeria Limited,Rivers,PostedPosted 9 days ago
engineer,Information Technology Engineer,Cirrus Energy,Lagos,PostedPosted 30+ days ago
engineer,Sr Manufacturing Engineer Coyol,Boston Scientific Corporation,Cross River,PostedPosted 2 days ago
engineer,Full stack Engineer,STRAACOS,Lagos,PostedPosted 18 days ago
engineer,Process Engineer,Renolit,Lagos,PostedPosted 30+ days ago
engineer,Well Engineering,Havilah Energy,Nigeria,PostedPosted 30+ days ago
engineer,Civil Engineer,APTEC Engineers Technical Services (AETS),Nigeria,PostedPosted 30+ days ago
engineer,Electrical Engineer Level I,Worley,Abeokuta,PostedPosted 30+ days ago
engineer,Reliability Engineer,Renolit,Lagos,PostedPosted 30+ days ago
engineer,Field Engineer,Speedcast,Nigeria,PostedPosted 30+ days ago
engineer,"Engineer, Materials",Aurecon Group,Plateau,PostedPosted 30+ days ago
engineer,"UPS Field Engineer, Nigeria",Vertiv Group Corp,Lagos,PostedPosted 30+ days ago
engineer,Head Electrical Engineer H/F,SPIE,Nigeria,PostedPosted 17 days ago
engineer,Mechanical Maintenance Engineer,Alfred James Holdings Limited,Lagos,PostedPosted 18 days ago
engineer,"Technical Support Engineer, Port- Harcourt",Main One,Lagos,PostedPosted 4 days ago
engineer,Software Engineer (Intern),Wise Soft Lab,Nigeria,PostedPosted 30+ days ago
engineer,Well Engineer,Hobark International Limited,Rivers,PostedPosted 13 days ago
engineer,6 month University Internships: Field Engineering (Nigeria) –2024 opportunities,Baker Hughes,Port Harcourt,PostedPosted 30+ days ago
engineer,Instrument & Control Engineer,APTEC Engineers Technical Services (AETS),Nigeria,PostedPosted 30+ days ago
engineer,Mechanical Engineer,UNIC GROUP LTD,Abuja,PostedPosted 24 days ago
engineer,Mid-level QA Engineer,Gloopro,Lekki,PostedPosted 30+ days ago
engineer,Petroleum Engineer,Nestoil,Lagos,PostedPosted 11 days ago
engineer,Managed Security Services Engineer,Main One,Lagos,PostedPosted 30+ days ago
engineer,Senior .NET Software Engineer,AltexSoft,Nigeria,PostedPosted 6 days ago
engineer,Manufacturing Engineer Supervisor,Boston Scientific Corporation,Cross River,PostedPosted 30+ days ago
engineer,Software Engineer,Priority Communications Ltd.,Lagos,PostedPosted 30+ days ago
engineer,Sr Quality Engineer Coyol,Boston Scientific Corporation,Cross River,PostedPosted 5 days ago
engineer,Quality Control Engineer (Insulation),Amaiden Energy Nigeria Limited,Rivers,PostedPosted 9 days ago
engineer,Senior Java Software Engineer - Jumia (Full Time),Jumia,Nigeria,PostedPosted 30+ days ago
engineer,Chief Engineer M/F,Bourbon,Nigeria,PostedPosted 30+ days ago
engineer,Engineering Project Manager,APTEC Engineers Technical Services (AETS),Nigeria,PostedPosted 30+ days ago
engineer,"Assistant Engineer, Instrumentation",Dangote Industries Limited,Nigeria,PostedPosted 30 days ago
engineer,Support Engineer,Cobranet Limited,Lagos,PostedPosted 17 days ago
engineer,Packet Core Support Engineer,Ericsson,Nigeria,PostedPosted 1 day ago
engineer,Electrical Design Engineer,JMG,Lagos,PostedPosted 30+ days ago
engineer,Civil Engineer,Romax properties Limited,Lagos,PostedPosted 30+ days ago
engineer,Fiber Optics Engineer,BlueChip Communications Limited,Lagos,PostedPosted 26 days ago
engineer,Mid-level Software Engineers,Gloopro,Lekki,PostedPosted 30+ days ago
engineer,Senior Fullstack Engineer,Top Remote Talent,Abuja,PostedPosted 25 days ago
engineer,Software Engineer,GODP CONSULTING,Lagos,PostedPosted 12 days ago
engineer,Production Engineer,Dangote Group,Kogi,PostedPosted 3 days ago
engineer,Electrical Engineer,Powerfield Consulting,Lagos,PostedPosted 4 days ago
engineer,Solutions Engineer,Authority Wit,Nigeria,PostedPosted 25 days ago
engineer,Mid-level Devops Engineer,Gloopro,Lekki,PostedPosted 30+ days ago
engineer,Feature Engineer,ING,Lagos,PostedPosted 20 days ago
engineer,Network Engineer,C3PROJECT,Nigeria,PostedPosted 4 days ago
engineer,Marine Engineer II,Scruples Resources Limited,Rivers,PostedPosted 4 days ago
engineer,Electrical Engineer,Dogan’s Sugar Limited,Lagos,PostedPosted 6 days ago
engineer,"Senior Engineer, Mines",Dangote Industries Limited,Nigeria,PostedPosted 30+ days ago
engineer,Civil Engineer,Phillips OutSourcing,Delta,PostedPosted 12 days ago
engineer,Systems Engineer,Hephzibah Integrated Technologies Ltd,Abuja,PostedPosted 19 days ago
engineer,Mechanical Engineer,Jaykay Group,Kano,PostedPosted 4 days ago
engineer,Senior Software Engineer,Recruitment Room,Lagos,PostedPosted 25 days ago
engineer,Civil Engineer,Mosra Enerji Limited,Delta,PostedPosted 2 days ago
engineer,Senior Project Engineer,Worley,Abeokuta,PostedPosted 30+ days ago
engineer,Graduate Engineer (EU Rotation),Phillips-Medisize,Sokoto,PostedPosted 30+ days ago
engineer,Civil Engineer,ARKHIVE REALTY,Abuja,PostedPosted 30+ days ago
engineer,Manager Engineering and Projects,Cainergy International,Lagos,PostedPosted 13 days ago
engineer,Software Quality Assurance Engineer,eTranzact Nigeria,Lagos,PostedPosted 5 days ago
engineer,Electrical Electronics Engineer,Castel Resources Consultancy,Port Harcourt,PostedPosted 30+ days ago
engineer,Electrical Method Engineer,SPIE,Lagos,PostedPosted 30+ days ago
engineer,"Associate Engineer, Manufacturing Process",Celestica,Lagos,PostedPosted 30+ days ago
engineer,"Failure Analysis Engineer, SHS (Lagos, Nigeria)",Sun King,Nigeria,PostedPosted 13 days ago
engineer,Infrastructure / Cloud / DevOps Engineer (Junior Associate),Bincom ICT Solutions,Lagos,PostedPosted 30+ days ago
engineer,Software Engineer,fonYou,Lagos,PostedPosted 30+ days ago
engineer,Facilities/Process Engineer,ASPEN Energy Nigeria Limited,Lagos,PostedPosted 11 days ago
engineer,Senior Specialist: Senior Specialist: Machine Learning Engineer,Vodafone,Zamfara,PostedPosted 4 days ago
engineer,DevOps Engineer,TUA,Lagos,PostedPosted 30+ days ago
engineer,Network Engineer,United Geophysical,Lagos,PostedPosted 30+ days ago
engineer,DevOps Engineer,Renmoney,Lagos,PostedPosted 6 days ago
engineer,Physics/Engineer,Dmholdings Ltd,Lagos,PostedPosted 30+ days ago
engineer,Engineer,SOLAR PRO ENERGY LTD,Kano,PostedPosted 30 days ago
engineer,Projects Engineer,Cemex Portals,Lagos,PostedPosted 10 days ago
engineer,Lead Electrical Engineer (Future projects),Worley,Abeokuta,PostedPosted 30+ days ago
engineer,Service Engineer,ABB,Lagos,PostedPosted 30+ days ago
engineer,Electrical Field Engineer,PATROSE ADVANCED ENGINEERING LTD,Lagos,PostedPosted 30+ days ago
engineer,Head Electrical Engineer M/F H/F,SPIE,Nigeria,PostedPosted 30+ days ago
engineer,Reservoir Engineer,The Impeccable Skills Company,Port Harcourt,PostedPosted 30+ days ago
engineer,Service Fulfilment Engineer,IpNX Nigeria Limited,Rivers,PostedPosted 4 days ago
engineer,Civil Engineer,Fifth Quadrant Performance Ltd,Lagos,PostedPosted 10 days ago
engineer,Mud/Drilling Fluid Engineer -Office Based,MAXIMEDGE TECHNOLOGY AND CONSULTING LIMITED,Port Harcourt,PostedPosted 30+ days ago
engineer,Software Engineer (Backend),Gomoney,Lagos,PostedPosted 5 days ago
engineer,Support Engineer,Alfred & Victoria Associates,Lagos,PostedPosted 9 days ago
engineer,Drilling Engineer,Rit-beulah Engineering Services Limited,Lagos,PostedPosted 30+ days ago
engineer,Biomedical Technician/Engineer,AAA Caliberations Ltd,Lagos,PostedPosted 30+ days ago
engineer,"Failure Analysis Engineer - Inverters, Lagos (Nigeria)",Sun King,Nigeria,PostedPosted 13 days ago
engineer,Tooling Engineer,Phillips-Medisize,Sokoto,PostedPosted 30+ days ago
engineer,Senior Software Engineer,TreeTop Consulting,Lagos,PostedPosted 12 days ago
engineer,Software Engineer (Frontend),Reliance Health,Lagos,PostedPosted 2 days ago
engineer,Product Development Engineer/ Product Development Scientist,Renolit,Lagos,PostedPosted 30+ days ago
engineer,Renewable Energy Engineer,APTEC Engineers Technical Services (AETS),Port Harcourt,PostedPosted 30+ days ago
engineer,Quality Assurance/Cyber Security Engineer,HelloMe Limited,Lagos,PostedPosted 6 days ago
engineer,SYSTEMS COMPLETION ENGINEER/SPECIALIST III,Scruples Resources,Lagos,PostedPosted 5 days ago
engineer,Senior Engineer - System Integration,Optiva,Nigeria,PostedPosted 30+ days ago
engineer,Hardware Engineer,Coniah Systems Support Limited,Lagos,PostedPosted 18 days ago
engineer,"Sales Engineer, CBS - West Africa",Grundfos Holding A/S,Lagos,PostedPosted 7 days ago
engineer,Fiber Engineer Supervisor,Legend Internet Limited,Abuja,PostedPosted 15 days ago
engineer,Solar Engineer,Bestcom Global Industry Nig.LTD,Lagos,PostedPosted 30+ days ago
engineer,Sr Quality Engineer,Boston Scientific Corporation,Cross River,PostedPosted 30+ days ago
engineer,Lead Piping Engineer (Future Projects),Worley,Abeokuta,PostedPosted 30+ days ago
engineer,"Engineer II, Quality (Shift B)",Boston Scientific Corporation,Cross River,PostedPosted 30+ days ago
engineer,Lead Safety & Risk Engineer (Future projects),Worley,Abeokuta,PostedPosted 30+ days ago
engineer,Architectural/Mechanical Engineer,Elite Logistics Development Services Limited,Lagos,PostedPosted 30+ days ago
engineer,Principal Safety Engineer,Worley,Abeokuta,PostedPosted 30+ days ago
engineer,Hardware systems engineer.,Coniah Systems Support Limited,Lagos,PostedPosted 30+ days ago
engineer,Software Test Engineer,Tecnotree,Lagos,PostedPosted 4 days ago
engineer,Data Center Facility Engineers,Main One,Lagos,PostedPosted 30+ days ago
engineer,Microsoft BI Developer Quality Assurance Engineer,NewGlobe,Lagos,PostedPosted 5 days ago
engineer,Mechanical Engineer,JxWorx Software and Automation Limited,Port Harcourt,PostedPosted 30+ days ago
engineer,OCONUS Mechanical Engineer,Markon Solutions,Lagos,PostedPosted 30+ days ago
engineer,Solutions Support Engineer,Parkway Projects,Yaba,PostedPosted 30+ days ago
engineer,"Presales Engineer | Lagos, Nigeria",Genese Solution,Lagos,PostedPosted 25 days ago
engineer,QA Automation Engineer,ING,Lagos,PostedPosted 30+ days ago
engineer,Design Engineering,VIASTORE,Enugu,PostedPosted 30+ days ago
engineer,Lead Offshore Structural Engineer (Future Projects),Worley,Abeokuta,PostedPosted 30+ days ago
engineer,Principal Instrumentation Engineer,Worley,Abeokuta,PostedPosted 30+ days ago
engineer,Nokia Nigeria Recruitment for Network Infrastructure DS Engineer Intern,Nokia Nigeria,Lagos,PostedPosted 2 days ago
engineer,Quality Engineer,Danfoss,Plateau,PostedPosted 30+ days ago
engineer,Senior Construction Engineer,Worley,Abeokuta,PostedPosted 30+ days ago
engineer,Senior Software Engineer,Bincom ICT Solutions,Lagos,PostedPosted 30+ days ago
engineer,Senior Full Stack Engineer,AltexSoft,Nigeria,PostedPosted 30+ days ago
engineer,Data & ML Engineer,TUA,Lagos,PostedPosted 30+ days ago
engineer,Quality Facility Engineer,Ogeyi Place Hotels Limited,Port Harcourt,PostedPosted 5 days ago
engineer,MarTech Specialist Engineer,ING,Lagos,PostedPosted 30+ days ago
engineer,Senior Instrumentation Engineer,Worley,Abeokuta,PostedPosted 30+ days ago
engineer,Mechanical Field Engineer,PATROSE ADVANCED ENGINEERING LTD,Lagos,PostedPosted 30+ days ago
engineer,Chief Electrical Engineer,Worley,Abeokuta,PostedPosted 30+ days ago
engineer,Electronics Design Engineer,EN1 TECHNOLOGIES,Lagos,PostedPosted 6 days ago
engineer,Project /Admin Engineer,Nexant Consulting,Lagos,PostedPosted 30+ days ago
engineer,Telecom Project Engineer M/F,SPIE,Lagos,PostedPosted 30+ days ago
engineer,Contracts Engineer,Aspire Capital Group,Lagos,PostedPosted 30+ days ago
engineer,Chief Process Engineer,Worley,Abeokuta,PostedPosted 30+ days ago
engineer,Java Senior Engineering Manager - Jumia (Full Time),Jumia,Nigeria,PostedPosted 30+ days ago
engineer,Head Instrument Engineer M/F H/F,SPIE,Nigeria,PostedPosted 30+ days ago
engineer,Lead Instrumentation Engineer (Future projects),Worley,Abeokuta,PostedPosted 30+ days ago
engineer,Chief Mechanical Engineer,Worley,Abeokuta,PostedPosted 30+ days ago
engineer,Electrical/Electronic Engineer,Technautic nigeria limited,Lagos,PostedPosted 30+ days ago
engineer,Civil Engineer,CANDIX ENGINEERING NIGERIA LTD,Port Harcourt,PostedPosted 30+ days ago
engineer,Chief Civil Structural Engineer,Worley,Abeokuta,PostedPosted 30+ days ago
engineer,Graduate Electrical Engineer,Worley,Abeokuta,PostedPosted 30+ days ago
engineer,Early Career: LEAD - Field Engineer (Nigeria) 2024 opportunities,Baker Hughes,Port Harcourt,PostedPosted 30+ days ago
engineer,Experienced Triggerfish System Engineer,United Geophysical,Lagos,PostedPosted 30+ days ago
engineer,Civil/ Structural Engineer,Elite Logistics Development Services Limited,Lagos,PostedPosted 30+ days ago
engineer,Senior Data Engineer (Snowflake Cloud Data Warehousing),Jobberman (Third Party Recruitment),Lagos,PostedPosted 18 days ago
engineer,Fiber Engineer,BT Technologies Limited,Abuja,PostedPosted 9 days ago
engineer,Associate Data & ML Engineer,TUA,Lagos,PostedPosted 30+ days ago
engineer,Civil Engineering Manager,BlockMaster Ltd,Ibadan,PostedPosted 30+ days ago
engineer,ITSM & MCR Engineer Manager,ING,Lagos,PostedPosted 30+ days ago
engineer,Licensed Aircraft MTCE Engineer – Electrical & Avionics,Flying Doctors Nigeria,Lagos,PostedPosted 30+ days ago
engineer,Golang Backend Engineer,BFree,Lagos,PostedPosted 5 days ago
engineer,Sales Engineer,Hexagon Engineering Limited,Lagos,PostedPosted 26 days ago
engineer,Senior Electrical Engineer,Fifth Quadrant Performance Ltd,Lagos,PostedPosted 6 days ago
engineer,Systems Engineer Trainee (Internship),Bincom ICT Solutions,Lagos,PostedPosted 30+ days ago
engineer,Senior Business Intelligence Engineer,NewGlobe,Lagos,PostedPosted 30+ days ago
engineer,Infrastructure Engineer,Alfred & Victoria Associates,Lagos,PostedPosted 19 days ago
engineer,6 month University Placements and Internships – Applications Engineer (Nigeria) 2024,Baker Hughes,Bonny,PostedPosted 30+ days ago
engineer,Senior Database Engineer,Cavista,Abuja,PostedPosted 16 days ago
engineer,Senior Software Engineers,Gloopro,Lekki,PostedPosted 30+ days ago
engineer,Technical Sales Engineer,Early Global Resources Ltd,Lagos,PostedPosted 30+ days ago
engineer,Senior Data Engineer,Flutterwave,Lagos,PostedPosted 10 days ago
engineer,Principal Process Engineer,Worley,Abeokuta,PostedPosted 30+ days ago
engineer,Junior Repair Engineer - Temporary Staff,Siemens Energy,Port Harcourt,PostedPosted 30+ days ago
engineer,Sales Engineer,Airchaels Nigeria Limited,Lagos,PostedPosted 30+ days ago
engineer,Engineer,Mornyray New energy Nigeria limited,Lagos,PostedPosted 30+ days ago
engineer,Principal Electrical Engineer,Worley,Abeokuta,PostedPosted 30+ days ago
engineer,Senior iOS Engineer,Carbon Nigeria,Lagos,PostedPosted 11 days ago
engineer,Pre -sales Engineer,Lopterra Services Limited,Lagos,PostedJust posted
engineer,Principal Mechanical Engineer,Worley,Abeokuta,PostedPosted 30+ days ago
engineer,Mechanical Engineer Level II,Worley,Abeokuta,PostedPosted 30+ days ago
engineer,Sales Engineer,Energy Excell Systems and Solutions Ltd,Abuja,PostedPosted 30+ days ago
engineer,Civil Engineer,Elite Logistics Development Services Limited,Lagos,PostedPosted 30+ days ago
engineer,Subsea Hardware Engineer III,Scruples Resources Limited,Lagos,PostedPosted 12 days ago
engineer,Senior Safety Engineer,Worley,Abeokuta,PostedPosted 12 days ago
engineer,SYSYEMS COMPLETION ENGINEER/ SPECIALIST III,Scruples Resources,Lagos,PostedPosted 30+ days ago
engineer,Senior Engineer Machinist,Egbin Power Plc,Lagos,PostedPosted 19 days ago
engineer,Safety Engineer Level II,Worley,Abeokuta,PostedPosted 30+ days ago
engineer,PHP Senior Engineering Manager - Jumia (Full Time),Jumia,Nigeria,PostedPosted 30+ days ago
engineer,Backend Engineer,Niyo Group,Nigeria,PostedPosted 9 days ago
engineer,CLIENT SERVICES ELECTRICAL ENGINEERS,PSC SOLAR UK,Lagos,EmployerActive 11 days ago
engineer,Site Engineer,Asset Rise,Lagos,PostedPosted 4 days ago
engineer,Technical Support Engineer (Entry Level),Ash Nelson Partners,Lagos,EmployerActive 3 days ago
engineer,ELECTRICAL MAINTENANCE ENGINEER,Ascentech Services Ltd,Lagos,EmployerActive 5 days ago
engineer,QA engineer - Nigeria,RemotePass,Nigeria,PostedPosted 30+ days ago
engineer,Backend Engineer (NodeJS Serverless),MECHO AUTOTECH LIMITED,Lagos,EmployerActive 3 days ago
engineer,Maintenance Engineer(Mushin),Ascentech Services Ltd,Lagos,EmployerActive 2 days ago
engineer,Production Engineer,Amarilo plastic limited,Lagos,PostedPosted 16 days ago
engineer,Senior Software Engineer (Backend),Prunedge Development Technologies,Lagos,EmployerActive 5 days ago
engineer,Instrumentation Engineer (Bonny Island),Alpha Mead Group,Rivers,PostedPosted 23 days ago
engineer,Renewable Energy Engineer,"Sanford Federal, Inc.",Lagos,PostedPosted 30+ days ago
engineer,Tendering Engineer,Ukelma EPCIM Company,Port Harcourt,EmployerActive 3 days ago
engineer,NOC ENGINEER (EXPATRIATE),GLOBAL PROFILERS,Lagos,PostedPosted 4 days ago
engineer,Structural Engineers,MEGAMOUND INVESTMENT,Lagos,PostedJust posted
engineer,"Senior Backend Engineer - India, Ethiopia, Nigeria, Ghana, Cote d'Ivoire",Resolve To Save Lives,Nigeria,PostedPosted 16 days ago
engineer,Civil Engineer/Architect,Kimberly Ryan Limited,Lagos,EmployerActive 3 days ago
engineer,Senior FrontEnd Engineer,RAVENPAY LTD,Lagos,PostedPosted 1 day ago
engineer,"BACKEND ENGINEER (OLUYOLE EXTENSION, IBADAN)",Elocuencia Consulting,Ibadan,PostedPosted 4 days ago
engineer,IT SUPPORT ENGINEER,Simba Group,Lagos,EmployerActive 3 days ago
engineer,Marine Engineer II (Onne shore),KIMERIC NIGERIA LIMITED,Port Harcourt,EmployerActive 2 days ago
engineer,Tech Implementation Engineer,Ash Nelson Partners,Lagos,PostedPosted 3 days ago
engineer,Turnaround process control Engineer,DEEPDRILL OILFIELD SERVICES OVERSEAS LIMITED,Lagos,PostedPosted 26 days ago
engineer,Mechanical and Electrical Engineer(s),NEWPAL NIG LTD,Keffi,EmployerActive 23 days ago
engineer,Civil Engineers,MEGAMOUND INVESTMENT,Lagos,PostedJust posted
engineer,Network Security Engineer,Casper Technologies Limited,Lagos,PostedPosted 3 days ago
engineer,Senior Backend Engineer - Payments,Bumpa,Lagos,EmployerActive 7 days ago
engineer,Technical Support Engineer,Moniepoint,Lagos,PostedPosted 30+ days ago
engineer,Systems Engineer (Security),Reposebay,Lagos,EmployerActive 2 days ago
engineer,Controls Engineer,Asamaka Industries Ltd Nigeria,Lekki,EmployerActive 10 days ago
engineer,SOLAR ENGINEER,Solar Power Training Centre,Abuja,EmployerActive 3 days ago
engineer,Senior Mobile Engineer,RAVENPAY LTD,Lagos,PostedPosted 2 days ago
engineer,Solar Engineer,Stardust Technologies,Abuja,EmployerActive 6 days ago
engineer,IT Engineer,Ascentech Services Ltd,Lagos,EmployerActive 2 days ago
engineer,Production Engineer / Specialist I,Homeland Integrated Offshore Services Ltd,Lagos,PostedPosted 11 days ago
engineer,Technical Support Engineer - M365,Tek Experts,Lagos,PostedPosted 30+ days ago
engineer,DevOPS Engineer,Revent Technologies,Lagos,EmployerActive 3 days ago
engineer,Network Engineer- Abuja,IPNX NIGERIA LIMITED,Abuja,EmployerActive 5 days ago
engineer,Civil Engineer,SPG Ready Nigeria Limited,Lagos,EmployerActive 10 days ago
engineer,Quality Assurance Engineer,Veegil Technologies Limited,Lagos,EmployerActive 5 days ago
engineer,Pipeline Engineer II,KIMERIC NIGERIA LIMITED,Eket,EmployerActive 2 days ago
engineer,Senior Quality Assurance Engineer,LemFi,Nigeria,EmployerActive 12 days ago
engineer,Senior Software Engineer- Backend,Gomoney,Nigeria,PostedPosted 30+ days ago
engineer,Civil Engineer,Ascentech Services Ltd,Lagos,EmployerActive 3 days ago
engineer,Electrical Engineer,Cy,Lagos,EmployerActive 5 days ago
engineer,DevOps Engineer,Jean Edwards Consulting,Abuja,EmployerActive 3 days ago
engineer,Cathodic Protection Engineer,ASC Nigeria Limited,Lagos,PostedPosted 30+ days ago
engineer,Field Engineer,GLOBAL PROFILERS,Lagos,EmployerActive 3 days ago
engineer,Civil Engineer,BRIAN NEIL CONSTRUCTION LIMITED,Lagos,EmployerActive 3 days ago
engineer,Field Engineer,SwiftTalk Limited,Lagos,EmployerActive 14 days ago
engineer,Graduate Trainee Engineer,Photizzo Technologies Limited,Lagos,PostedPosted 30+ days ago
engineer,Systems Completion Engineer / Specialist III,Homeland Integrated Offshore Services Ltd,Lagos,EmployerActive 2 days ago
engineer,Network Engineer (PH),IPNX NIGERIA LIMITED,Port Harcourt,EmployerActive 5 days ago
engineer,Senior Backend Engineer,FADAC RESOURCES LIMITED,Lagos,EmployerActive 4 days ago
engineer,ELECTRICAL ENGINEERS,AMA-ZUMA GROUP,Lagos,PostedPosted 30+ days ago
engineer,Mechanical Design Engineer,GLOBAL PROFILERS,Lagos,EmployerActive 3 days ago
engineer,ELECTRICAL ENGINEER (KUBWE ABUJA),GENESYS ENGINEERING SERVICES LTD,Abuja,EmployerActive 3 days ago
engineer,Cloud Infrastructure Engineer,Prunedge Development Technologies,Lagos,EmployerActive 4 days ago
engineer,INFRASTRUCTURE SUPPORT ENGINEER,JSK Consulting Group,Lagos,EmployerActive 4 days ago
engineer,Support Engineer,Megamore Wireless Broadband Limited,Kano,PostedPosted 28 days ago
engineer,Manufacturing Engineer,NEWPAL NIG LTD,Keffi,EmployerActive 23 days ago
engineer,Telecom Engineer,EON Global Telecom Ltd,Abuja,EmployerActive 19 days ago
engineer,Network Engineer (CCNP Certified),Terawork,Lagos,EmployerActive 2 days ago
engineer,Product Engineer,ParallelScore,Lagos,PostedPosted 3 days ago
engineer,Site Engineer,Bregstein Engineering,Enugu,PostedPosted 30+ days ago
engineer,Solar Engineer,Mainland Solar,Lagos,PostedPosted 26 days ago
engineer,Senior Rust Engineer,Topphase Consults,Lagos,EmployerActive 14 days ago
engineer,Cybersecurity Engineer,INFINION TECHNOLOGIES LIMITED,Lagos,PostedPosted 30+ days ago
engineer,Quality Assurance Engineer – QAEAB241,DelonJobs,Lagos,EmployerActive 3 days ago
engineer,QA/QC Civil Engineer - Bonny Island,Alpha Mead Group,Rivers,PostedPosted 30+ days ago
engineer,MECHANICAL ENGINEERS,AMA-ZUMA GROUP,Lagos,PostedPosted 30+ days ago
engineer,Site Manager (Civil Engineer),Prime Watermark Consulting,Lekki,PostedPosted 18 days ago
engineer,Senior Backend Systems Engineer,eMedic Technologies Inc.,Lagos,EmployerActive 3 days ago
engineer,Front Office Engineer,JSK Consulting Group,Lagos,EmployerActive 4 days ago
engineer,Systems Completion Engineer / Specialist,KIMERIC NIGERIA LIMITED,Lagos,EmployerActive 2 days ago
engineer,Network Engineer,INFINION TECHNOLOGIES LIMITED,Lagos,PostedPosted 30+ days ago
engineer,Integration Support Engineer (Monnify Payment Gateway),Moniepoint,Lagos,PostedPosted 12 days ago
engineer,Lead Quality Assurance Engineer,Revent Technologies,Lagos,EmployerActive 3 days ago
engineer,Principal Software Engineer,Snowflake,Plateau,PostedPosted 18 days ago
engineer,ELECTRICAL ENGINEER,LandLagos,Lagos,PostedPosted 30+ days ago
engineer,Automotive and Technical Engineers,VoltaEV,Lagos,PostedPosted 30+ days ago
engineer,Intermediate Software Engineer (SE3),Prodigy Finance Limited,Zamfara,PostedPosted 12 days ago
engineer,Civil Site Engineer,DelonJobs,Lagos,EmployerActive 3 days ago
engineer,Network Engineer - Tier 1,ITC WORLDWIDE,Abuja,PostedPosted 30 days ago
engineer,Software Engineer,Jaza Energy,Lagos,PostedPosted 30+ days ago
engineer,Engineering Manager,Agbeyewa Farms,Ekiti,PostedPosted 30+ days ago
engineer,Data Engineer,IPNX NIGERIA LIMITED,Lagos,EmployerActive 24 days ago
engineer,Civil Engineer,Procivi Recruitment Agency,Warri,EmployerActive 3 days ago
engineer,Solar Sales Engineer and Business Development Manager - (Solar and Renewable Energy),Salesplat Hiring,Lagos,EmployerActive 2 days ago
engineer,IT SECURITY ENGINEER,GVA Partners,Lagos,EmployerActive 3 days ago
engineer,First-Level Support Engineer,Kuda Technologies Ltd,Lagos,EmployerActive 5 days ago
engineer,Network System Engineer,Reposebay,Lagos,EmployerActive 3 days ago
engineer,Senior Software Engineer,Venture Garden Group,Ikeja,PostedPosted 30+ days ago
engineer,AZURE DEVOPS ENGINEER,ITC WORLDWIDE,Lagos,PostedPosted 30+ days ago
engineer,"Design Engineer [Steel, Mining, and Constructions ]",Kloverharris Limited,Lagos,PostedPosted 13 days ago
engineer,Senior Software Engineer,Paga,Yaba,EmployerActive 26 days ago
engineer,Flowline Engineer,QED International Oil and Gas Nigeria Limited,Port Harcourt,EmployerActive 17 days ago
engineer,Senior Fullstack Engineer,Ergeon,Lagos,EmployerActive 5 days ago
engineer,QA/QC ENGINEER,Shaoma Nigeria,Lagos,PostedPosted 30+ days ago
engineer,Founding Engineer,Pariti,Kebbi,PostedPosted 30+ days ago
engineer,Field Support Engineer,Megamore Wireless Broadband Limited,Kano,PostedPosted 28 days ago
engineer,Software Engineering Lead,FADAC RESOURCES LIMITED,Lagos,EmployerActive 4 days ago
engineer,Technical Sales Engineer,Asamaka Industries Ltd Nigeria,Lagos,EmployerActive Today
engineer,Technical Sales Engineer,Subsea Robotics,Lagos,EmployerActive 3 days ago
engineer,Senior Mechanical Engineer (Building Construction Company),Irecruiters Africa,Port Harcourt,PostedPosted 2 days ago
engineer,Backend Engineer,Kuda Technologies Ltd,Lagos,EmployerActive 5 days ago
engineer,Senior Java Software Engineer,Deimos,Kebbi,EmployerActive 6 days ago
engineer,Electrical Engineer,Rehoboth Recruiters,Benin City,PostedPosted 6 days ago
engineer,Senior AI Engineer,Awarri,Lagos,PostedPosted 30+ days ago
engineer,Machine Learning Engineer/ Data Scientist with R certification + PL-400,ITC WORLDWIDE,Abuja,PostedPosted 17 days ago
engineer,Construction Engineer,Engineering Automation Technology Limited,Eket,EmployerActive 5 days ago
engineer,Senior Full-Stack Engineer,Deloitte,Lagos,PostedPosted 30+ days ago
engineer,Senior Project Engineer,DelonJobs,Lagos,EmployerActive 3 days ago
engineer,Cloud Infrastructure Engineer,INFINION TECHNOLOGIES LIMITED,Lagos,PostedPosted 30+ days ago
engineer,Engineering - Fluids Advisor III,KIMERIC NIGERIA LIMITED,Port Harcourt,EmployerActive 2 days ago
engineer,Senior Engineer: Release Engineering,Cellulant Group,Nigeria,EmployerActive 17 days ago
engineer,Riser Engineer,QED International Oil and Gas Nigeria Limited,Port Harcourt,EmployerActive 17 days ago
engineer,Senior Frontend Engineer (React) - GB,Moniepoint,Lagos,PostedPosted 23 days ago
engineer,Implementation Engineer,IT Horizons Nigeria LTD,Lagos,EmployerActive 3 days ago
engineer,Software Engineer (Laravel/PHP & ReactJS),OXYMON SOLUTIONS LTD,Lagos,EmployerActive 2 days ago
engineer,Senior Backend Software Engineer (PHP) - Fully Remote Job,Openprovider,Nigeria,EmployerActive 5 days ago
engineer,Senior Civil Engineer,Trucrete Solutions,Lagos,EmployerActive 6 days ago
engineer,Engineering Manager,Nosagie Holdings,Benin City,EmployerActive 8 days ago
engineer,Senior Quality Assurance Engineer,Duplo,Lagos,PostedPosted 18 days ago
engineer,DevOps Engineer,INFINION TECHNOLOGIES LIMITED,Lagos,PostedPosted 30+ days ago
engineer,"Tooling Engineer - Lagos, Nigeria",BURN MANUFACTURING,Lagos,PostedPosted 30+ days ago
engineer,"Quality Assurance/ Quality control Analyst (Engineers) MARYLAND,LAGOS",LEITUNG GATE LIMITED,Lagos,PostedPosted 23 days ago
engineer,"Engineer, Core Banking",Shara Inc,Lagos,PostedPosted 30+ days ago
engineer,Mobile Software Engineer - Onsite,Tech4mation Ltd,Lagos,EmployerActive 3 days ago
engineer,Umbilical Engineer,QED International Oil and Gas Nigeria Limited,Port Harcourt,EmployerActive 18 days ago
engineer,Field Service Engineer & Technician,Daystar Power,Abuja,EmployerActive 13 days ago
engineer,Automation Engineer,Andster Engineering,Lagos,EmployerActive 3 days ago
engineer,Senior Backend Engineer,Kuda Technologies Ltd,Lagos,EmployerActive 9 days ago
engineer,FIELD INSTALLATION ELECTRICAL ENGINEERS (SOLAR/INVERTERS),PSC SOLAR UK,Lagos,EmployerActive 11 days ago
engineer,Sales Engineer,ITM Services Limited,Port Harcourt,EmployerActive 2 days ago
engineer,Frontend Engineer (Angular),Vendease,Lagos,PostedPosted 30+ days ago
engineer,Senior Backend Engineer (Java),Moniepoint,Lagos,PostedPosted 30+ days ago
engineer,SENIOR NETWORK CONSULTING ENGINEER,Arit of Africa,Lagos,PostedPosted 30+ days ago
engineer,Graduate Trainee - Metallurgist and Civil Engineer,African Industries Group,Kaduna,EmployerActive 10 days ago
engineer,Cloud Support Engineer,Ekovolt,Lagos,PostedPosted 20 days ago
engineer,Software Engineering Team Lead (Servicing),Prodigy Finance Limited,Zamfara,PostedPosted 30 days ago
engineer,Service Fulfillment Engineer Port Harcourt,IPNX NIGERIA LIMITED,Port Harcourt,EmployerActive 3 days ago
engineer,Senior Engineer: Cloud Infrastructure,Cellulant Group,Nigeria,PostedPosted 30+ days ago
engineer,Senior Software Engineer (Backend),Reliance Health,Lagos,EmployerActive 6 days ago
engineer,QA Engineer,Kuda Technologies Ltd,Lagos,EmployerActive 4 days ago
engineer,Technical Sales Engineer,Pipeline Repairs Limited,Lagos,EmployerActive 5 days ago
engineer,Intermediate Data Engineer,Deimos,Kebbi,EmployerActive 13 days ago
engineer,Manufacturing Engineering Manager - Nigeria,BURN MANUFACTURING,Kano,PostedPosted 30+ days ago
engineer,Fibre Optics field engineer,Fibrehub Internetworking Services LTD,Ikeja,EmployerActive 26 days ago
engineer,Electrical Engineer,Talenthub Hr Network,Shagamu,PostedPosted 2 days ago
engineer,Battery Cell Engineer,VoltaEV,Lagos,PostedPosted 30+ days ago
engineer,Live Sound Engineer and Music Producer,Tenstrings Music Institute,Lagos,PostedPosted 30+ days ago
engineer,Android Engineer,Kuda Technologies Ltd,Lagos,EmployerActive 7 days ago
engineer,Electrical Engineer (Construction/Real Estate),Ascentech Services Ltd,Benin City,EmployerActive 2 days ago
engineer,Research Software Engineer,Moniepoint,Lagos,PostedPosted 30+ days ago
engineer,Crypto Data Engineer (Nigeria- Remote),Token Metrics,Nigeria,PostedPosted 30+ days ago
engineer,Subsea Structural Engineer,QED International Oil and Gas Nigeria Limited,Port Harcourt,EmployerActive 18 days ago
engineer,DevOps Engineer,Kuda Technologies Ltd,Lagos,EmployerActive 7 days ago
engineer,Network Service Engineer,IPNX NIGERIA LIMITED,Lagos,EmployerActive 3 days ago
engineer,Software Engineer,Let's Go There,Lagos,PostedPosted 30+ days ago
engineer,Senior Platform engineer.,Carbon,Lagos,PostedPosted 30+ days ago
engineer,Senior IOS Engineer,LemFi,Lagos,PostedPosted 20 days ago
engineer,Senior Cloud Solutions Engineer,Paga,Yaba,PostedPosted 30+ days ago
engineer,Ruby on Rails Engineer,Quidax,Nigeria,PostedPosted 30+ days ago
engineer,Senior Engineering Manager: Release Engineering,Cellulant Group,Nigeria,PostedPosted 30+ days ago
engineer,Quality Assurance and Control Civil Engineer,Trucrete Solutions,Lagos,EmployerActive 6 days ago
engineer,Data Engineer,INFINION TECHNOLOGIES LIMITED,Lagos,PostedPosted 30+ days ago
engineer,IT Infrastructure/ DevOps / Systems Engineer Trainee (May 2024),Bincom Dev Center,Lagos,EmployerActive 2 days ago
engineer,Software Engineer (Backend),Prunedge Development Technologies,Lagos,EmployerActive 5 days ago
engineer,Sales Engineer,Engineering Automation Technology Limited,Lagos,EmployerActive 5 days ago
engineer,Senior Fullstack Software Engineer & Tech lead,VPDMONEY,Lagos,PostedPosted 1 day ago
engineer,OSP Planning and Design Engineer,IPNX NIGERIA LIMITED,Lagos,EmployerActive 24 days ago
engineer,Senior Cloud Infrastructure Engineer,Carbon,Lagos,PostedPosted 30+ days ago
engineer,Consulting - Generative AI Engineer/Developer,Deloitte,Lagos,PostedPosted 30+ days ago
engineer,Engineering - Drill Team Quality Representative Coordinator III,KIMERIC NIGERIA LIMITED,Port Harcourt,EmployerActive 2 days ago
engineer,CIW Engineers,VoltaEV,Lagos,PostedPosted 30+ days ago
engineer,Project Engineer,Daystar Power,Lagos,PostedPosted 30+ days ago
engineer,Web Engineer,Kuda Technologies Ltd,Lagos,EmployerActive 6 days ago
engineer,INSTRUMENTAL/ ELECTRICAL ENGINEER,Fosad Consulting,Warri,PostedPosted 30+ days ago
engineer,Senior Backend Engineer,Kora,Lagos,EmployerActive 8 days ago
engineer,INFRASTRUCTURE SECURITY ENGINEER,GVA Partners,Lagos,PostedPosted 3 days ago
engineer,React Native Engineer,Kuda Technologies Ltd,Lagos,EmployerActive 4 days ago
engineer,Sales Engineer,Fronthill Limited,Lagos,EmployerActive 3 days ago
engineer,Senior Software Engineer (Frontend),Reliance Health,Lagos,EmployerActive 5 days ago
engineer,Crypto QA Automation Engineer (Nigeria-Remote),Token Metrics,Nigeria,PostedPosted 30+ days ago
engineer,Instrumental/ Mechanical Engineer,Fosad Consulting,Warri,PostedPosted 30+ days ago
engineer,"Senior Software Engineer - SE4 (Repay, Service, Collections)",Prodigy Finance Limited,Zamfara,PostedPosted 30+ days ago
engineer,Frontend Engineer (Angular and React),Moniepoint,Nigeria,PostedPosted 30+ days ago
engineer,Middleware Engineer,Tek Experts,Lagos,PostedPosted 30+ days ago
engineer,Senior Data Engineer,Deimos,Kebbi,EmployerActive 14 days ago
engineer,"Manager, Software Engineering",Deloitte,Lagos,PostedPosted 30+ days ago
engineer,Simulation Engineers,VoltaEV,Lagos,PostedPosted 30+ days ago
engineer,Battery Systems Engineer,VoltaEV,Lagos,PostedPosted 30+ days ago
engineer,Alternative Fuel Platform Engineer,Machineyard.com.ng,Lagos,PostedPosted 30+ days ago
engineer,Lead Chassis Engineer,VoltaEV,Lagos,PostedPosted 30+ days ago
engineer,Application Security Engineer,Kora,Lagos,EmployerActive 11 days ago
engineer,"Senior Engineer, Scrum",Flutterwave,Lekki,PostedPosted 30+ days ago
engineer,"Electrical, Instrumentation (E&I) and Telecom Engineering Design Coordinator",Vantegral Consulting,Port Harcourt,EmployerActive 5 days ago
engineer,Blockchain Engineer (Nigeria-Remote),Token Metrics,Nigeria,PostedPosted 12 days ago
engineer,Enterprise NOC Back Office Engineer,JSK Consulting Group,Lagos,EmployerActive 3 days ago
engineer,Technical Sales Engineer,Selfa,Lagos,PostedPosted 30+ days ago
engineer,Senior Engineer: Database,Cellulant Group,Lagos,EmployerActive 7 days ago
engineer,Core Banking Engineer,Tek Experts,Lagos,PostedPosted 30+ days ago
engineer,Senior iOS Engineer.,Carbon,Lagos,PostedPosted 30+ days ago
engineer,Senior Data Engineer,Reliance Health,Lagos,EmployerActive 13 days ago
engineer,Software Engineering Manager,Reliance Health,Lagos,EmployerActive 11 days ago
engineer,Quality Assurance/ Quality control Analyst (Engineers) PORT-HARCOURT,LEITUNG GATE LIMITED,Port Harcourt,EmployerActive 4 days ago
engineer,Senior Backend Engineer,M-KOPA,Lagos,PostedPosted 30+ days ago
engineer,Senior Software Engineer (.NET Core/C# - Remote),Deel,Lagos,PostedPosted 30+ days ago
engineer,Senior React Native Engineer (Hybrid),Kuda Technologies Ltd,Lagos,EmployerActive 6 days ago
engineer,Associate Application Security Engineer,M-KOPA,Lagos,PostedPosted 30+ days ago
engineer,Senior Engineer: Networks,Cellulant Group,Lagos,EmployerActive 19 days ago
engineer,Civil Engineers,Chariot,Lagos,EmployerActive 6 days ago
engineer,Full-Stack Engineer - NextGen (.NET/Vue),Deel,Lagos,PostedPosted 30+ days ago
engineer,Network/Data Centre Engineer -Dispatch,DeRisk Technologies,Lagos,PostedPosted 30+ days ago
engineer,IOS Engineer,Kuda Technologies Ltd,Lagos,PostedPosted 30+ days ago
engineer,Software Engineering Team Lead,M-KOPA,Lagos,PostedPosted 30+ days ago
engineer,Senior Analytics Engineer,M-KOPA,Lagos,PostedPosted 30+ days ago
